model,task,correct,layer_idx,count,avg_image_ratio,avg_prompt_ratio,avg_gen_ratio
Efficient-Large-Model/NVILA-Lite-2B,Count,False,0,237,nan,nan,nan
Efficient-Large-Model/NVILA-Lite-2B,Count,False,1,237,0.09778823530623681,0.8129614978902954,0.08927383100936181
Efficient-Large-Model/NVILA-Lite-2B,Count,False,2,237,0.5279051704245781,0.4105770577861287,0.0615145526354826
Efficient-Large-Model/NVILA-Lite-2B,Count,False,3,237,0.5126602881065401,0.4459470595991561,0.04137153464530591
Efficient-Large-Model/NVILA-Lite-2B,Count,False,4,237,0.44445028184335444,0.4730662414293249,0.08247163024129747
Efficient-Large-Model/NVILA-Lite-2B,Count,False,5,237,0.4667783326740506,0.47347211234177217,0.05973899615967827
Efficient-Large-Model/NVILA-Lite-2B,Count,False,6,237,0.514915240967827,0.42467489121835444,0.060414889693763185
Efficient-Large-Model/NVILA-Lite-2B,Count,False,7,237,0.5507441653481012,0.4052713772415612,0.04396720274591245
Efficient-Large-Model/NVILA-Lite-2B,Count,False,8,237,0.5096718832410337,0.3032329575421941,0.18708691818301687
Efficient-Large-Model/NVILA-Lite-2B,Count,False,9,237,0.5218758241033755,0.3916422526041667,0.08649158075388977
Efficient-Large-Model/NVILA-Lite-2B,Count,False,10,237,0.23895340931566456,0.6824822405722574,0.07855585154601794
Efficient-Large-Model/NVILA-Lite-2B,Count,False,11,237,0.41053842794040085,0.509629647943038,0.07984171034414557
Efficient-Large-Model/NVILA-Lite-2B,Count,False,12,237,0.3714161804456751,0.5078135301292194,0.1207605031975211
Efficient-Large-Model/NVILA-Lite-2B,Count,False,13,237,0.28816680264372363,0.6218622263976793,0.08996968329707279
Efficient-Large-Model/NVILA-Lite-2B,Count,False,14,237,0.33345488858122363,0.6440022786458334,0.022535428719178532
Efficient-Large-Model/NVILA-Lite-2B,Count,False,15,237,0.47465573081487344,0.42733056434599154,0.09802374859902427
Efficient-Large-Model/NVILA-Lite-2B,Count,False,16,237,0.2161308964596519,0.642140320081751,0.14173856968618143
Efficient-Large-Model/NVILA-Lite-2B,Count,False,17,237,0.36980093782964135,0.5756423885812236,0.05454843255537975
Efficient-Large-Model/NVILA-Lite-2B,Count,False,18,237,0.32802919798259494,0.5640431335706751,0.10791865481606013
Efficient-Large-Model/NVILA-Lite-2B,Count,False,19,237,0.5275044501582279,0.4416617220464135,0.03083009357693829
Efficient-Large-Model/NVILA-Lite-2B,Count,False,20,237,0.43254198806698313,0.503611633043249,0.0638284803945807
Efficient-Large-Model/NVILA-Lite-2B,Count,False,21,237,0.44469648272679324,0.4783940697521097,0.07692245290249208
Efficient-Large-Model/NVILA-Lite-2B,Count,False,22,237,0.4400073345200422,0.5404923193565401,0.019509424137163767
Efficient-Large-Model/NVILA-Lite-2B,Count,False,23,237,0.4081042325949367,0.3788331108254219,0.21307694962256066
Efficient-Large-Model/NVILA-Lite-2B,Count,False,24,237,0.48090552478902954,0.34640773338607594,0.17269678558478377
Efficient-Large-Model/NVILA-Lite-2B,Count,False,25,237,0.6234630472046413,0.3202872618341245,0.056247308787414296
Efficient-Large-Model/NVILA-Lite-2B,Count,False,26,237,0.6440841739187764,0.3250274014372363,0.030904520413040613
Efficient-Large-Model/NVILA-Lite-2B,Count,False,27,237,0.4546217777558017,0.4731795556434599,0.07219094063159283
Efficient-Large-Model/NVILA-Lite-2B,Count,True,0,550,nan,nan,nan
Efficient-Large-Model/NVILA-Lite-2B,Count,True,1,550,0.09837474476207386,0.8139879261363636,0.08762490012428978
Efficient-Large-Model/NVILA-Lite-2B,Count,True,2,550,0.5192977627840909,0.41960404829545456,0.061096024946732955
Efficient-Large-Model/NVILA-Lite-2B,Count,True,3,550,0.5197030362215909,0.4389226740056818,0.041373734907670455
Efficient-Large-Model/NVILA-Lite-2B,Count,True,4,550,0.43359375,0.48498046875,0.08142800071022727
Efficient-Large-Model/NVILA-Lite-2B,Count,True,5,550,0.46157981178977275,0.47982998934659093,0.0586029052734375
Efficient-Large-Model/NVILA-Lite-2B,Count,True,6,550,0.5088987038352273,0.4325230823863636,0.05857754794034091
Efficient-Large-Model/NVILA-Lite-2B,Count,True,7,550,0.5418723366477273,0.41424849076704545,0.04387822931463068
Efficient-Large-Model/NVILA-Lite-2B,Count,True,8,550,0.5106671697443181,0.303076171875,0.18625466086647727
Efficient-Large-Model/NVILA-Lite-2B,Count,True,9,550,0.5106902521306819,0.40408025568181816,0.08522383256392045
Efficient-Large-Model/NVILA-Lite-2B,Count,True,10,550,0.2406673916903409,0.6808118785511363,0.07853005149147728
Efficient-Large-Model/NVILA-Lite-2B,Count,True,11,550,0.40479048295454545,0.5160946377840909,0.07911709872159091
Efficient-Large-Model/NVILA-Lite-2B,Count,True,12,550,0.3661785333806818,0.5104594282670455,0.12336614435369318
Efficient-Large-Model/NVILA-Lite-2B,Count,True,13,550,0.2770474520596591,0.6293714488636364,0.09357965642755682
Efficient-Large-Model/NVILA-Lite-2B,Count,True,14,550,0.33056019176136364,0.6474256480823863,0.022013938210227273
Efficient-Large-Model/NVILA-Lite-2B,Count,True,15,550,0.4758544921875,0.42737926136363635,0.09675736860795454
Efficient-Large-Model/NVILA-Lite-2B,Count,True,16,550,0.2243374911221591,0.6382346413352272,0.13744739879261364
Efficient-Large-Model/NVILA-Lite-2B,Count,True,17,550,0.37556707208806817,0.5679359019886364,0.05648806485262784
Efficient-Large-Model/NVILA-Lite-2B,Count,True,18,550,0.30914106889204546,0.581463955965909,0.10938587535511364
Efficient-Large-Model/NVILA-Lite-2B,Count,True,19,550,0.5169367009943182,0.45183061079545456,0.03121762362393466
Efficient-Large-Model/NVILA-Lite-2B,Count,True,20,550,0.4178284801136364,0.5109414950284091,0.07122181285511364
Efficient-Large-Model/NVILA-Lite-2B,Count,True,21,550,0.44884721235795455,0.4814599609375,0.06969776500355114
Efficient-Large-Model/NVILA-Lite-2B,Count,True,22,550,0.45169699928977275,0.5267564808238636,0.021540000221946024
Efficient-Large-Model/NVILA-Lite-2B,Count,True,23,550,0.42260786576704545,0.36748157848011365,0.2099118319424716
Efficient-Large-Model/NVILA-Lite-2B,Count,True,24,550,0.48457741477272726,0.35611328125,0.15931141246448863
Efficient-Large-Model/NVILA-Lite-2B,Count,True,25,550,0.6243359375,0.3223544034090909,0.05329387318004261
Efficient-Large-Model/NVILA-Lite-2B,Count,True,26,550,0.6334792258522727,0.33481045809659093,0.03169828935102983
Efficient-Large-Model/NVILA-Lite-2B,Count,True,27,550,0.4483362926136364,0.4751691228693182,0.07649558327414772
Efficient-Large-Model/NVILA-Lite-2B,Relation,False,0,193,nan,nan,nan
Efficient-Large-Model/NVILA-Lite-2B,Relation,False,1,193,0.09358665980205634,0.8181291491256477,0.08828403295012953
Efficient-Large-Model/NVILA-Lite-2B,Relation,False,2,193,0.5288351582739638,0.4060083893296632,0.06516989278052138
Efficient-Large-Model/NVILA-Lite-2B,Relation,False,3,193,0.5775380505181347,0.38025345085816065,0.04220391308087759
Efficient-Large-Model/NVILA-Lite-2B,Relation,False,4,193,0.43343942276554404,0.47921642244170987,0.08735269338973446
Efficient-Large-Model/NVILA-Lite-2B,Relation,False,5,193,0.4727663030278497,0.4718985285783679,0.05532394171996438
Efficient-Large-Model/NVILA-Lite-2B,Relation,False,6,193,0.5373029165317358,0.4103422016677461,0.05235077062419041
Efficient-Large-Model/NVILA-Lite-2B,Relation,False,7,193,0.5147357209358808,0.44904924303756477,0.03619954005424223
Efficient-Large-Model/NVILA-Lite-2B,Relation,False,8,193,0.5194578813147669,0.3080460148154145,0.172488514005829
Efficient-Large-Model/NVILA-Lite-2B,Relation,False,9,193,0.5410991135038861,0.3794944644591969,0.07939045169810557
Efficient-Large-Model/NVILA-Lite-2B,Relation,False,10,193,0.29056908800194303,0.6261030602331606,0.083332279185557
Efficient-Large-Model/NVILA-Lite-2B,Relation,False,11,193,0.3831591037888601,0.5396545093911918,0.07718480559828368
Efficient-Large-Model/NVILA-Lite-2B,Relation,False,12,193,0.34508708103950775,0.5052749554727979,0.1496202538050518
Efficient-Large-Model/NVILA-Lite-2B,Relation,False,13,193,0.3300983646373057,0.6015372004533679,0.06837534533881152
Efficient-Large-Model/NVILA-Lite-2B,Relation,False,14,193,0.30272046024935234,0.6693399854274611,0.027957817433411594
Efficient-Large-Model/NVILA-Lite-2B,Relation,False,15,193,0.45333372125971505,0.45851253845531087,0.08814709915398317
Efficient-Large-Model/NVILA-Lite-2B,Relation,False,16,193,0.16657095004857514,0.6739622125971503,0.15948201708225387
Efficient-Large-Model/NVILA-Lite-2B,Relation,False,17,193,0.44253587475712436,0.5132215430699482,0.04424376808917584
Efficient-Large-Model/NVILA-Lite-2B,Relation,False,18,193,0.28594243341159326,0.6214580634715026,0.09259507569624352
Efficient-Large-Model/NVILA-Lite-2B,Relation,False,19,193,0.5809813188147669,0.3999542078205959,0.019091591316183616
Efficient-Large-Model/NVILA-Lite-2B,Relation,False,20,193,0.5470356521211139,0.38909564240608807,0.06388040651311529
Efficient-Large-Model/NVILA-Lite-2B,Relation,False,21,193,0.6374321972150259,0.31279790216159326,0.04976199451505829
Efficient-Large-Model/NVILA-Lite-2B,Relation,False,22,193,0.46463882367227977,0.5237499494009067,0.011611049039376214
Efficient-Large-Model/NVILA-Lite-2B,Relation,False,23,193,0.5071180274449482,0.34619899611398963,0.14668013024206605
Efficient-Large-Model/NVILA-Lite-2B,Relation,False,24,193,0.51708984375,0.3579329258419689,0.12495540954906088
Efficient-Large-Model/NVILA-Lite-2B,Relation,False,25,193,0.6358180861398963,0.32759497449805697,0.036611764542179404
Efficient-Large-Model/NVILA-Lite-2B,Relation,False,26,193,0.5956044567681347,0.35255550720531087,0.051822168221745464
Efficient-Large-Model/NVILA-Lite-2B,Relation,False,27,193,0.5451027667584197,0.3748633824481865,0.08006262902768782
Efficient-Large-Model/NVILA-Lite-2B,Relation,True,0,457,nan,nan,nan
Efficient-Large-Model/NVILA-Lite-2B,Relation,True,1,457,0.09520709749384573,0.8152031762855579,0.08961243076449672
Efficient-Large-Model/NVILA-Lite-2B,Relation,True,2,457,0.5265766035284464,0.4101840296772429,0.06324083591185722
Efficient-Large-Model/NVILA-Lite-2B,Relation,True,3,457,0.5778354502871991,0.3793972023728118,0.04276360776805252
Efficient-Large-Model/NVILA-Lite-2B,Relation,True,4,457,0.4374465775437637,0.474972647702407,0.08759145924507658
Efficient-Large-Model/NVILA-Lite-2B,Relation,True,5,457,0.4699963459039934,0.47338920609956237,0.05661171009556209
Efficient-Large-Model/NVILA-Lite-2B,Relation,True,6,457,0.5302745059491247,0.4181263462458972,0.05160201926200082
Efficient-Large-Model/NVILA-Lite-2B,Relation,True,7,457,0.5130991862691466,0.45148386214442016,0.03541955593117478
Efficient-Large-Model/NVILA-Lite-2B,Relation,True,8,457,0.518978327577954,0.3081872051080416,0.1728414122333151
Efficient-Large-Model/NVILA-Lite-2B,Relation,True,9,457,0.5405882453501094,0.3817798439209519,0.07763598419122675
Efficient-Large-Model/NVILA-Lite-2B,Relation,True,10,457,0.2896859400642779,0.6282822757111597,0.08200720989469365
Efficient-Large-Model/NVILA-Lite-2B,Relation,True,11,457,0.39000690218134576,0.5346989537746171,0.07529601383000548
Efficient-Large-Model/NVILA-Lite-2B,Relation,True,12,457,0.35163034651942016,0.5019520565508753,0.14642213783848468
Efficient-Large-Model/NVILA-Lite-2B,Relation,True,13,457,0.33064119768873085,0.6007964219775711,0.06857620339424918
Efficient-Large-Model/NVILA-Lite-2B,Relation,True,14,457,0.3052484357904814,0.6677582655224289,0.027001111721314277
Efficient-Large-Model/NVILA-Lite-2B,Relation,True,15,457,0.45361862349562365,0.4589475135051969,0.0874373354588348
Efficient-Large-Model/NVILA-Lite-2B,Relation,True,16,457,0.1676097510940919,0.6744435516958425,0.15794349186269147
Efficient-Large-Model/NVILA-Lite-2B,Relation,True,17,457,0.45118736751230853,0.5063508615973742,0.042452889406967995
Efficient-Large-Model/NVILA-Lite-2B,Relation,True,18,457,0.28967231733793763,0.6172783181756017,0.09304388868469639
Efficient-Large-Model/NVILA-Lite-2B,Relation,True,19,457,0.5839747589578774,0.3957920199671772,0.020237361315303612
Efficient-Large-Model/NVILA-Lite-2B,Relation,True,20,457,0.5468092903788293,0.38793998734956237,0.06524771725844503
Efficient-Large-Model/NVILA-Lite-2B,Relation,True,21,457,0.6458080467040481,0.30698039182166303,0.04721810572517779
Efficient-Large-Model/NVILA-Lite-2B,Relation,True,22,457,0.4608119572278446,0.527021612588895,0.012175470264526634
Efficient-Large-Model/NVILA-Lite-2B,Relation,True,23,457,0.5017832415891685,0.349156352571116,0.14905239247128008
Efficient-Large-Model/NVILA-Lite-2B,Relation,True,24,457,0.5154048994803063,0.36345059918626915,0.12115398381940645
Efficient-Large-Model/NVILA-Lite-2B,Relation,True,25,457,0.6378053627598468,0.3243683328774617,0.037815285981092725
Efficient-Large-Model/NVILA-Lite-2B,Relation,True,26,457,0.5907594108998906,0.35822214339442016,0.051018045037267507
Efficient-Large-Model/NVILA-Lite-2B,Relation,True,27,457,0.5469871871580962,0.37263178251504375,0.08037308373649481
Zhoues/RoboRefer-2B-SFT,Count,False,0,313,nan,nan,nan
Zhoues/RoboRefer-2B-SFT,Count,False,1,313,0.12909150047424123,0.8017344124400958,0.06916989457493011
Zhoues/RoboRefer-2B-SFT,Count,False,2,313,0.4416410306010383,0.5068827376198083,0.051469163011057306
Zhoues/RoboRefer-2B-SFT,Count,False,3,313,0.3751809604632588,0.5651161266972844,0.05970184033671126
Zhoues/RoboRefer-2B-SFT,Count,False,4,313,0.4387074430910543,0.49802113493410544,0.0632782469923123
Zhoues/RoboRefer-2B-SFT,Count,False,5,313,0.4697476225539137,0.47904134634584666,0.05121142110123802
Zhoues/RoboRefer-2B-SFT,Count,False,6,313,0.4081298048123003,0.5286533733526357,0.06322276935028953
Zhoues/RoboRefer-2B-SFT,Count,False,7,313,0.5422012280351438,0.42621337110623003,0.03157911209252696
Zhoues/RoboRefer-2B-SFT,Count,False,8,313,0.3915563223841853,0.4487593288238818,0.1596851287939297
Zhoues/RoboRefer-2B-SFT,Count,False,9,313,0.4624288638178914,0.46015125798722045,0.07741558818390575
Zhoues/RoboRefer-2B-SFT,Count,False,10,313,0.32596439446884984,0.6171430398861821,0.05689646565495208
Zhoues/RoboRefer-2B-SFT,Count,False,11,313,0.40336867262380194,0.5339620669428914,0.0626817404652556
Zhoues/RoboRefer-2B-SFT,Count,False,12,313,0.41498134235223644,0.4533426205571086,0.13167720709365016
Zhoues/RoboRefer-2B-SFT,Count,False,13,313,0.36667581869009586,0.561883798422524,0.07143687287839456
Zhoues/RoboRefer-2B-SFT,Count,False,14,313,0.24396668455471246,0.7426024610623003,0.013413133712622304
Zhoues/RoboRefer-2B-SFT,Count,False,15,313,0.3323362307807508,0.5651052066693291,0.10255583254293131
Zhoues/RoboRefer-2B-SFT,Count,False,16,313,0.1428214856230032,0.7006102735623003,0.1565690208166933
Zhoues/RoboRefer-2B-SFT,Count,False,17,313,0.11519176739092452,0.8445487220447284,0.04025894993791184
Zhoues/RoboRefer-2B-SFT,Count,False,18,313,0.34082343250798725,0.5612036366813099,0.09797156580720846
Zhoues/RoboRefer-2B-SFT,Count,False,19,313,0.512931653105032,0.45987669728434505,0.027204519643570287
Zhoues/RoboRefer-2B-SFT,Count,False,20,313,0.4429880940495208,0.5301236771166135,0.02689376197303065
Zhoues/RoboRefer-2B-SFT,Count,False,21,313,0.6240920776757188,0.32367508860822686,0.05221128616089257
Zhoues/RoboRefer-2B-SFT,Count,False,22,313,0.4307038426018371,0.5614009771865016,0.007898641470522164
Zhoues/RoboRefer-2B-SFT,Count,False,23,313,0.5200866114217252,0.3720227323781949,0.10791249625599042
Zhoues/RoboRefer-2B-SFT,Count,False,24,313,0.6041708266773163,0.27986003644169327,0.11598064191044329
Zhoues/RoboRefer-2B-SFT,Count,False,25,313,0.5966601874500799,0.39037071934904155,0.012971713520086612
Zhoues/RoboRefer-2B-SFT,Count,False,26,313,0.5516158521365815,0.403836673821885,0.0445406002739367
Zhoues/RoboRefer-2B-SFT,Count,False,27,313,0.4887032310802716,0.44041720746805113,0.07088209645816693
Zhoues/RoboRefer-2B-SFT,Count,True,0,475,nan,nan,nan
Zhoues/RoboRefer-2B-SFT,Count,True,1,475,0.13080630653782896,0.7964165296052632,0.07277202405427631
Zhoues/RoboRefer-2B-SFT,Count,True,2,475,0.46540861430921054,0.48547645970394737,0.049136545281661184
Zhoues/RoboRefer-2B-SFT,Count,True,3,475,0.4122131990131579,0.533479646381579,0.054294369346217106
Zhoues/RoboRefer-2B-SFT,Count,True,4,475,0.46655890213815787,0.4740393708881579,0.05939478824013158
Zhoues/RoboRefer-2B-SFT,Count,True,5,475,0.49786543996710525,0.45335217927631577,0.04877646998355263
Zhoues/RoboRefer-2B-SFT,Count,True,6,475,0.4190126439144737,0.5227826891447368,0.058221435546875
Zhoues/RoboRefer-2B-SFT,Count,True,7,475,0.5527646998355263,0.4171761924342105,0.03004564787212171
Zhoues/RoboRefer-2B-SFT,Count,True,8,475,0.4045076069078947,0.4400390625,0.15545435855263157
Zhoues/RoboRefer-2B-SFT,Count,True,9,475,0.4772841282894737,0.44963301809210526,0.07307456568667763
Zhoues/RoboRefer-2B-SFT,Count,True,10,475,0.32610659950657894,0.617825349506579,0.056081157483552635
Zhoues/RoboRefer-2B-SFT,Count,True,11,475,0.4049167351973684,0.5350128495065789,0.060062448601973684
Zhoues/RoboRefer-2B-SFT,Count,True,12,475,0.4256846217105263,0.4431614925986842,0.1311487458881579
Zhoues/RoboRefer-2B-SFT,Count,True,13,475,0.3784924958881579,0.5562119654605263,0.06529875102796052
Zhoues/RoboRefer-2B-SFT,Count,True,14,475,0.2345957545230263,0.7522275904605263,0.013183192202919409
Zhoues/RoboRefer-2B-SFT,Count,True,15,475,0.3499100534539474,0.5482956414473684,0.10179738898026315
Zhoues/RoboRefer-2B-SFT,Count,True,16,475,0.1626868318256579,0.6823488898026315,0.15496170847039473
Zhoues/RoboRefer-2B-SFT,Count,True,17,475,0.13009534333881578,0.8303022203947369,0.03958791632401316
Zhoues/RoboRefer-2B-SFT,Count,True,18,475,0.33888851768092104,0.567946134868421,0.09317896792763158
Zhoues/RoboRefer-2B-SFT,Count,True,19,475,0.5152631578947369,0.46180715460526317,0.02293601588199013
Zhoues/RoboRefer-2B-SFT,Count,True,20,475,0.46202302631578945,0.5133280222039474,0.024636599892064143
Zhoues/RoboRefer-2B-SFT,Count,True,21,475,0.6171864720394736,0.3286546566611842,0.054151290090460526
Zhoues/RoboRefer-2B-SFT,Count,True,22,475,0.4486302425986842,0.5445739103618421,0.006800553171258224
Zhoues/RoboRefer-2B-SFT,Count,True,23,475,0.5143426192434211,0.37767166940789476,0.10799123663651315
Zhoues/RoboRefer-2B-SFT,Count,True,24,475,0.5896196546052631,0.29493832236842105,0.11543649773848684
Zhoues/RoboRefer-2B-SFT,Count,True,25,475,0.5857725123355263,0.40038137335526314,0.01385616101716694
Zhoues/RoboRefer-2B-SFT,Count,True,26,475,0.5302210115131579,0.4212854646381579,0.04850174753289474
Zhoues/RoboRefer-2B-SFT,Count,True,27,475,0.5040768914473684,0.4259755345394737,0.06994095651726974
Zhoues/RoboRefer-2B-SFT,Relation,False,0,19,nan,nan,nan
Zhoues/RoboRefer-2B-SFT,Relation,False,1,19,0.1070556640625,0.8318256578947368,0.06109297902960526
Zhoues/RoboRefer-2B-SFT,Relation,False,2,19,0.4318590666118421,0.5171926398026315,0.05093945954975329
Zhoues/RoboRefer-2B-SFT,Relation,False,3,19,0.3888903166118421,0.5431743421052632,0.06792409796463816
Zhoues/RoboRefer-2B-SFT,Relation,False,4,19,0.4316149259868421,0.49628649259868424,0.07209697522615131
Zhoues/RoboRefer-2B-SFT,Relation,False,5,19,0.46968801398026316,0.4796592310855263,0.05065596731085526
Zhoues/RoboRefer-2B-SFT,Relation,False,6,19,0.45600328947368424,0.482177734375,0.06186876798930921
Zhoues/RoboRefer-2B-SFT,Relation,False,7,19,0.6382863898026315,0.3363229851973684,0.025348061009457235
Zhoues/RoboRefer-2B-SFT,Relation,False,8,19,0.4556949013157895,0.41085012335526316,0.13343891344572367
Zhoues/RoboRefer-2B-SFT,Relation,False,9,19,0.5277292351973685,0.40973221628289475,0.0625658537212171
Zhoues/RoboRefer-2B-SFT,Relation,False,10,19,0.40801038240131576,0.5394094366776315,0.05263639751233553
Zhoues/RoboRefer-2B-SFT,Relation,False,11,19,0.4314221833881579,0.5130037006578947,0.055558054070723686
Zhoues/RoboRefer-2B-SFT,Relation,False,12,19,0.4125848067434211,0.47982627467105265,0.10761461759868421
Zhoues/RoboRefer-2B-SFT,Relation,False,13,19,0.31490285773026316,0.6389545641447368,0.046116879111842105
Zhoues/RoboRefer-2B-SFT,Relation,False,14,19,0.28756553248355265,0.697522615131579,0.014932331285978618
Zhoues/RoboRefer-2B-SFT,Relation,False,15,19,0.397216796875,0.5153037623355263,0.0874376798930921
Zhoues/RoboRefer-2B-SFT,Relation,False,16,19,0.13938181023848684,0.7305201480263158,0.13008840460526316
Zhoues/RoboRefer-2B-SFT,Relation,False,17,19,0.19202945106907895,0.783460115131579,0.024594758686266448
Zhoues/RoboRefer-2B-SFT,Relation,False,18,19,0.36528577302631576,0.5587350945723685,0.07601125616776316
Zhoues/RoboRefer-2B-SFT,Relation,False,19,19,0.5848067434210527,0.3945184004934211,0.020667628238075657
Zhoues/RoboRefer-2B-SFT,Relation,False,20,19,0.5308645148026315,0.4456979851973684,0.02341822574013158
Zhoues/RoboRefer-2B-SFT,Relation,False,21,19,0.5513594777960527,0.3940686677631579,0.054692318564967105
Zhoues/RoboRefer-2B-SFT,Relation,False,22,19,0.5811189350328947,0.41377981085526316,0.0050631573325709296
Zhoues/RoboRefer-2B-SFT,Relation,False,23,19,0.515856291118421,0.37835372121710525,0.10579320004111842
Zhoues/RoboRefer-2B-SFT,Relation,False,24,19,0.543225740131579,0.33733809621710525,0.11946186266447369
Zhoues/RoboRefer-2B-SFT,Relation,False,25,19,0.5988255550986842,0.3935289884868421,0.0076904296875
Zhoues/RoboRefer-2B-SFT,Relation,False,26,19,0.4675421463815789,0.47518760279605265,0.05727185701069079
Zhoues/RoboRefer-2B-SFT,Relation,False,27,19,0.4142809416118421,0.5353232935855263,0.05039094623766447
Zhoues/RoboRefer-2B-SFT,Relation,True,0,631,nan,nan,nan
Zhoues/RoboRefer-2B-SFT,Relation,True,1,631,0.10955791201342116,0.8307939097167195,0.05964653389956418
Zhoues/RoboRefer-2B-SFT,Relation,True,2,631,0.4329704369304675,0.5170937128565769,0.04993478620864699
Zhoues/RoboRefer-2B-SFT,Relation,True,3,631,0.3963238070770602,0.5367127915758716,0.06695812968935717
Zhoues/RoboRefer-2B-SFT,Relation,True,4,631,0.4383082563639065,0.4917096653377575,0.06998686631772484
Zhoues/RoboRefer-2B-SFT,Relation,True,5,631,0.4797100182002773,0.47009644908874804,0.05019836909419572
Zhoues/RoboRefer-2B-SFT,Relation,True,6,631,0.45392319668680664,0.48363561373316166,0.06242450405791898
Zhoues/RoboRefer-2B-SFT,Relation,True,7,631,0.6313770614599842,0.34228283478605387,0.026342255944495345
Zhoues/RoboRefer-2B-SFT,Relation,True,8,631,0.45706297667393025,0.4084987247424723,0.134438878949584
Zhoues/RoboRefer-2B-SFT,Relation,True,9,631,0.5262971566709588,0.41091536871038037,0.06277886585652734
Zhoues/RoboRefer-2B-SFT,Relation,True,10,631,0.4089707557448494,0.5385053486529319,0.05251330392296454
Zhoues/RoboRefer-2B-SFT,Relation,True,11,631,0.4317613411251981,0.5124732257824881,0.055765481456146
Zhoues/RoboRefer-2B-SFT,Relation,True,12,631,0.41482703545958793,0.4776764157834786,0.10749809639956419
Zhoues/RoboRefer-2B-SFT,Relation,True,13,631,0.3186708380794374,0.6341388297345484,0.047188059085900354
Zhoues/RoboRefer-2B-SFT,Relation,True,14,631,0.28466274545612125,0.7001635858260697,0.015177682915882527
Zhoues/RoboRefer-2B-SFT,Relation,True,15,631,0.39869711705130745,0.514007326540214,0.08730019933637084
Zhoues/RoboRefer-2B-SFT,Relation,True,16,631,0.1400805683408033,0.7294024242274167,0.13052169872350436
Zhoues/RoboRefer-2B-SFT,Relation,True,17,631,0.19077684308760895,0.7847136242076069,0.02450677596634806
Zhoues/RoboRefer-2B-SFT,Relation,True,18,631,0.3618748297593106,0.561456888866878,0.07666750755249604
Zhoues/RoboRefer-2B-SFT,Relation,True,19,631,0.5786067037688193,0.4013416513965927,0.0200545466645206
Zhoues/RoboRefer-2B-SFT,Relation,True,20,631,0.5275511341125199,0.44959869626584786,0.022851838173843602
Zhoues/RoboRefer-2B-SFT,Relation,True,21,631,0.5588189320027733,0.38587218948098256,0.05531656836556557
Zhoues/RoboRefer-2B-SFT,Relation,True,22,631,0.5800924406943344,0.4141801208399366,0.005736320785788462
Zhoues/RoboRefer-2B-SFT,Relation,True,23,631,0.5192317811509509,0.3752216998068542,0.10554506812722861
Zhoues/RoboRefer-2B-SFT,Relation,True,24,631,0.5449922927396988,0.33435696996335185,0.1206459009137282
Zhoues/RoboRefer-2B-SFT,Relation,True,25,631,0.6002756351525357,0.39193662712955624,0.007803812646639139
Zhoues/RoboRefer-2B-SFT,Relation,True,26,631,0.47874699757329636,0.4621191251485737,0.05912889580341224
Zhoues/RoboRefer-2B-SFT,Relation,True,27,631,0.4273196067749604,0.5198601240590333,0.052837341598776746
ch-min/NVILA-Lite-2B-SINGLE_REFSPATIAL_80K-20251107_104236,Count,False,0,293,nan,nan,nan
ch-min/NVILA-Lite-2B-SINGLE_REFSPATIAL_80K-20251107_104236,Count,False,1,293,0.09372271124413396,0.8207857828498294,0.08548671475042662
ch-min/NVILA-Lite-2B-SINGLE_REFSPATIAL_80K-20251107_104236,Count,False,2,293,0.4500269971203072,0.4776648824125427,0.07232020251173209
ch-min/NVILA-Lite-2B-SINGLE_REFSPATIAL_80K-20251107_104236,Count,False,3,293,0.49729195552474403,0.45926684486988056,0.04344557413875853
ch-min/NVILA-Lite-2B-SINGLE_REFSPATIAL_80K-20251107_104236,Count,False,4,293,0.41202021784343,0.5117654116894198,0.07621020424488055
ch-min/NVILA-Lite-2B-SINGLE_REFSPATIAL_80K-20251107_104236,Count,False,5,293,0.598887785302901,0.3563444899210751,0.04477782786502773
ch-min/NVILA-Lite-2B-SINGLE_REFSPATIAL_80K-20251107_104236,Count,False,6,293,0.4732420208511092,0.46754429527517066,0.05920295585137585
ch-min/NVILA-Lite-2B-SINGLE_REFSPATIAL_80K-20251107_104236,Count,False,7,293,0.551080384758959,0.4050567939419795,0.04386521687686647
ch-min/NVILA-Lite-2B-SINGLE_REFSPATIAL_80K-20251107_104236,Count,False,8,293,0.40136218803327645,0.38699122093643346,0.21166242267491467
ch-min/NVILA-Lite-2B-SINGLE_REFSPATIAL_80K-20251107_104236,Count,False,9,293,0.5937899957337884,0.3497793568686007,0.05641325341963524
ch-min/NVILA-Lite-2B-SINGLE_REFSPATIAL_80K-20251107_104236,Count,False,10,293,0.24238206257999148,0.6966090283703071,0.06100620100522611
ch-min/NVILA-Lite-2B-SINGLE_REFSPATIAL_80K-20251107_104236,Count,False,11,293,0.40696742347482934,0.5141201605162116,0.07891137445339164
ch-min/NVILA-Lite-2B-SINGLE_REFSPATIAL_80K-20251107_104236,Count,False,12,293,0.2566576231868601,0.6079034902943686,0.1354301374520051
ch-min/NVILA-Lite-2B-SINGLE_REFSPATIAL_80K-20251107_104236,Count,False,13,293,0.26415973962777306,0.6572998880119454,0.07854433027143772
ch-min/NVILA-Lite-2B-SINGLE_REFSPATIAL_80K-20251107_104236,Count,False,14,293,0.20568930980695393,0.7823232188566553,0.011993225930900703
ch-min/NVILA-Lite-2B-SINGLE_REFSPATIAL_80K-20251107_104236,Count,False,15,293,0.3504367867427474,0.5408906383319113,0.10867819932540529
ch-min/NVILA-Lite-2B-SINGLE_REFSPATIAL_80K-20251107_104236,Count,False,16,293,0.1441240017731442,0.6425381292662116,0.21334349336070818
ch-min/NVILA-Lite-2B-SINGLE_REFSPATIAL_80K-20251107_104236,Count,False,17,293,0.1212152995347163,0.8108501759812287,0.06793921148410836
ch-min/NVILA-Lite-2B-SINGLE_REFSPATIAL_80K-20251107_104236,Count,False,18,293,0.3373815126386519,0.5354987134705631,0.1271160242907423
ch-min/NVILA-Lite-2B-SINGLE_REFSPATIAL_80K-20251107_104236,Count,False,19,293,0.5926751146544369,0.35298901450511944,0.054303895084524316
ch-min/NVILA-Lite-2B-SINGLE_REFSPATIAL_80K-20251107_104236,Count,False,20,293,0.5382692512798635,0.43612764638438567,0.02561612178034343
ch-min/NVILA-Lite-2B-SINGLE_REFSPATIAL_80K-20251107_104236,Count,False,21,293,0.5881739281143344,0.3433917048848123,0.06842384728962245
ch-min/NVILA-Lite-2B-SINGLE_REFSPATIAL_80K-20251107_104236,Count,False,22,293,0.45296585030930037,0.5303750933233788,0.01664148011712084
ch-min/NVILA-Lite-2B-SINGLE_REFSPATIAL_80K-20251107_104236,Count,False,23,293,0.5811596763011946,0.31103765598336175,0.10779308540422355
ch-min/NVILA-Lite-2B-SINGLE_REFSPATIAL_80K-20251107_104236,Count,False,24,293,0.6619593909982935,0.25918568686006827,0.07884731878599616
ch-min/NVILA-Lite-2B-SINGLE_REFSPATIAL_80K-20251107_104236,Count,False,25,293,0.6717600122653583,0.3115867640784983,0.016642495633799062
ch-min/NVILA-Lite-2B-SINGLE_REFSPATIAL_80K-20251107_104236,Count,False,26,293,0.523714970403157,0.3935971829671502,0.08270326165209044
ch-min/NVILA-Lite-2B-SINGLE_REFSPATIAL_80K-20251107_104236,Count,False,27,293,0.48900283969709896,0.4351727482401877,0.07583222372946885
ch-min/NVILA-Lite-2B-SINGLE_REFSPATIAL_80K-20251107_104236,Count,True,0,495,nan,nan,nan
ch-min/NVILA-Lite-2B-SINGLE_REFSPATIAL_80K-20251107_104236,Count,True,1,495,0.09516126844618056,0.8191869870580808,0.08564551767676767
ch-min/NVILA-Lite-2B-SINGLE_REFSPATIAL_80K-20251107_104236,Count,True,2,495,0.45013563368055554,0.47927616003787876,0.07058832958491161
ch-min/NVILA-Lite-2B-SINGLE_REFSPATIAL_80K-20251107_104236,Count,True,3,495,0.509069700915404,0.44653764204545454,0.04438790986032197
ch-min/NVILA-Lite-2B-SINGLE_REFSPATIAL_80K-20251107_104236,Count,True,4,495,0.4091269136679293,0.5142430160984849,0.07663833155776516
ch-min/NVILA-Lite-2B-SINGLE_REFSPATIAL_80K-20251107_104236,Count,True,5,495,0.592248658459596,0.36238902698863634,0.045342339409722224
ch-min/NVILA-Lite-2B-SINGLE_REFSPATIAL_80K-20251107_104236,Count,True,6,495,0.46749921085858587,0.47227943497474745,0.060225238222064395
ch-min/NVILA-Lite-2B-SINGLE_REFSPATIAL_80K-20251107_104236,Count,True,7,495,0.5523837002840909,0.40381845801767674,0.04380708944917929
ch-min/NVILA-Lite-2B-SINGLE_REFSPATIAL_80K-20251107_104236,Count,True,8,495,0.407095367739899,0.3789974944760101,0.21390590475063131
ch-min/NVILA-Lite-2B-SINGLE_REFSPATIAL_80K-20251107_104236,Count,True,9,495,0.5811671401515152,0.36185290404040404,0.056972002742266416
ch-min/NVILA-Lite-2B-SINGLE_REFSPATIAL_80K-20251107_104236,Count,True,10,495,0.23987876815025252,0.6970061947601011,0.06310615924873737
ch-min/NVILA-Lite-2B-SINGLE_REFSPATIAL_80K-20251107_104236,Count,True,11,495,0.40150676688762627,0.5169265901199495,0.08156602647569444
ch-min/NVILA-Lite-2B-SINGLE_REFSPATIAL_80K-20251107_104236,Count,True,12,495,0.25845959595959594,0.6009045533459596,0.14063498757102272
ch-min/NVILA-Lite-2B-SINGLE_REFSPATIAL_80K-20251107_104236,Count,True,13,495,0.2661404079861111,0.6554056186868686,0.07845385002367425
ch-min/NVILA-Lite-2B-SINGLE_REFSPATIAL_80K-20251107_104236,Count,True,14,495,0.21275918363320706,0.7731267755681818,0.014109940962357955
ch-min/NVILA-Lite-2B-SINGLE_REFSPATIAL_80K-20251107_104236,Count,True,15,495,0.36358013731060607,0.5258867976641414,0.11053454466540404
ch-min/NVILA-Lite-2B-SINGLE_REFSPATIAL_80K-20251107_104236,Count,True,16,495,0.14950296421243686,0.6335316051136364,0.21695396346275253
ch-min/NVILA-Lite-2B-SINGLE_REFSPATIAL_80K-20251107_104236,Count,True,17,495,0.15326044872553662,0.7686839094065656,0.0780423251065341
ch-min/NVILA-Lite-2B-SINGLE_REFSPATIAL_80K-20251107_104236,Count,True,18,495,0.3556177004419192,0.5243795375631313,0.12000658439867425
ch-min/NVILA-Lite-2B-SINGLE_REFSPATIAL_80K-20251107_104236,Count,True,19,495,0.5893091066919192,0.3614420572916667,0.04924704811789773
ch-min/NVILA-Lite-2B-SINGLE_REFSPATIAL_80K-20251107_104236,Count,True,20,495,0.5501583214962121,0.4240165325126263,0.0258297698666351
ch-min/NVILA-Lite-2B-SINGLE_REFSPATIAL_80K-20251107_104236,Count,True,21,495,0.5954328440656566,0.3381214488636364,0.06644022007181187
ch-min/NVILA-Lite-2B-SINGLE_REFSPATIAL_80K-20251107_104236,Count,True,22,495,0.4611170296717172,0.5193088107638889,0.019565327962239584
ch-min/NVILA-Lite-2B-SINGLE_REFSPATIAL_80K-20251107_104236,Count,True,23,495,0.5633670691287879,0.32450284090909093,0.11212145872790404
ch-min/NVILA-Lite-2B-SINGLE_REFSPATIAL_80K-20251107_104236,Count,True,24,495,0.644405973800505,0.2769827178030303,0.07860458836410984
ch-min/NVILA-Lite-2B-SINGLE_REFSPATIAL_80K-20251107_104236,Count,True,25,495,0.6654928188131313,0.3193813131313131,0.015122585103969381
ch-min/NVILA-Lite-2B-SINGLE_REFSPATIAL_80K-20251107_104236,Count,True,26,495,0.4931571575126263,0.41862571022727274,0.08821454288983586
ch-min/NVILA-Lite-2B-SINGLE_REFSPATIAL_80K-20251107_104236,Count,True,27,495,0.4725684580176768,0.4488034643308081,0.07863153014520202
ch-min/NVILA-Lite-2B-SINGLE_REFSPATIAL_80K-20251107_104236,Relation,False,0,94,nan,nan,nan
ch-min/NVILA-Lite-2B-SINGLE_REFSPATIAL_80K-20251107_104236,Relation,False,1,94,0.08886134370844415,0.8160374418218085,0.09509147481715426
ch-min/NVILA-Lite-2B-SINGLE_REFSPATIAL_80K-20251107_104236,Relation,False,2,94,0.4766066530917553,0.45371717087765956,0.0696644884474734
ch-min/NVILA-Lite-2B-SINGLE_REFSPATIAL_80K-20251107_104236,Relation,False,3,94,0.5656062998670213,0.3886459025930851,0.04574552495428856
ch-min/NVILA-Lite-2B-SINGLE_REFSPATIAL_80K-20251107_104236,Relation,False,4,94,0.4211633560505319,0.4981040142952128,0.08073133103390957
ch-min/NVILA-Lite-2B-SINGLE_REFSPATIAL_80K-20251107_104236,Relation,False,5,94,0.5825377119348404,0.36783681017287234,0.04959203841838431
ch-min/NVILA-Lite-2B-SINGLE_REFSPATIAL_80K-20251107_104236,Relation,False,6,94,0.4635970744680851,0.475946953956117,0.06041279244930186
ch-min/NVILA-Lite-2B-SINGLE_REFSPATIAL_80K-20251107_104236,Relation,False,7,94,0.5425895528590425,0.42252690741356386,0.03483630241231715
ch-min/NVILA-Lite-2B-SINGLE_REFSPATIAL_80K-20251107_104236,Relation,False,8,94,0.424560546875,0.3656031831781915,0.20982198512300532
ch-min/NVILA-Lite-2B-SINGLE_REFSPATIAL_80K-20251107_104236,Relation,False,9,94,0.5470983626994681,0.3972090051529255,0.05567899663397606
ch-min/NVILA-Lite-2B-SINGLE_REFSPATIAL_80K-20251107_104236,Relation,False,10,94,0.25095708319481386,0.6878428357712766,0.06119878241356383
ch-min/NVILA-Lite-2B-SINGLE_REFSPATIAL_80K-20251107_104236,Relation,False,11,94,0.4046111411236702,0.5264191323138298,0.06899797155501995
ch-min/NVILA-Lite-2B-SINGLE_REFSPATIAL_80K-20251107_104236,Relation,False,12,94,0.21245428856382978,0.6266622340425532,0.16088217877327127
ch-min/NVILA-Lite-2B-SINGLE_REFSPATIAL_80K-20251107_104236,Relation,False,13,94,0.2497415745511968,0.6648208942819149,0.08544792012965426
ch-min/NVILA-Lite-2B-SINGLE_REFSPATIAL_80K-20251107_104236,Relation,False,14,94,0.22666379238696807,0.7520414311835106,0.021267018419630985
ch-min/NVILA-Lite-2B-SINGLE_REFSPATIAL_80K-20251107_104236,Relation,False,15,94,0.35322992852393614,0.528925469581117,0.11786213326961437
ch-min/NVILA-Lite-2B-SINGLE_REFSPATIAL_80K-20251107_104236,Relation,False,16,94,0.1264979585688165,0.6707426030585106,0.20276787940492022
ch-min/NVILA-Lite-2B-SINGLE_REFSPATIAL_80K-20251107_104236,Relation,False,17,94,0.18360413896276595,0.7418083028590425,0.07459502524517952
ch-min/NVILA-Lite-2B-SINGLE_REFSPATIAL_80K-20251107_104236,Relation,False,18,94,0.3297898312832447,0.5458153257978723,0.12439938809009309
ch-min/NVILA-Lite-2B-SINGLE_REFSPATIAL_80K-20251107_104236,Relation,False,19,94,0.6598757480053191,0.2939245345744681,0.0462377020653258
ch-min/NVILA-Lite-2B-SINGLE_REFSPATIAL_80K-20251107_104236,Relation,False,20,94,0.6467908494015957,0.3170945187832447,0.036081192341256646
ch-min/NVILA-Lite-2B-SINGLE_REFSPATIAL_80K-20251107_104236,Relation,False,21,94,0.6556266622340425,0.29716589095744683,0.047204524912732714
ch-min/NVILA-Lite-2B-SINGLE_REFSPATIAL_80K-20251107_104236,Relation,False,22,94,0.5109032164228723,0.4761235663231383,0.012982956906582447
ch-min/NVILA-Lite-2B-SINGLE_REFSPATIAL_80K-20251107_104236,Relation,False,23,94,0.559320977393617,0.34620958693484044,0.09447982463430851
ch-min/NVILA-Lite-2B-SINGLE_REFSPATIAL_80K-20251107_104236,Relation,False,24,94,0.612559217087766,0.3107390708111702,0.07668807658743351
ch-min/NVILA-Lite-2B-SINGLE_REFSPATIAL_80K-20251107_104236,Relation,False,25,94,0.7237159242021277,0.2639406894115692,0.01227748140375665
ch-min/NVILA-Lite-2B-SINGLE_REFSPATIAL_80K-20251107_104236,Relation,False,26,94,0.5250841505984043,0.3784023853058511,0.09651541202626329
ch-min/NVILA-Lite-2B-SINGLE_REFSPATIAL_80K-20251107_104236,Relation,False,27,94,0.48659044630984044,0.4361052817486702,0.07731790745511968
ch-min/NVILA-Lite-2B-SINGLE_REFSPATIAL_80K-20251107_104236,Relation,True,0,556,nan,nan,nan
ch-min/NVILA-Lite-2B-SINGLE_REFSPATIAL_80K-20251107_104236,Relation,True,1,556,0.08979632700089928,0.8191743480215827,0.09103602128063175
ch-min/NVILA-Lite-2B-SINGLE_REFSPATIAL_80K-20251107_104236,Relation,True,2,556,0.46700500927383093,0.45818301413556656,0.07480879310223697
ch-min/NVILA-Lite-2B-SINGLE_REFSPATIAL_80K-20251107_104236,Relation,True,3,556,0.5693938989433454,0.3857369182778777,0.04487028053338579
ch-min/NVILA-Lite-2B-SINGLE_REFSPATIAL_80K-20251107_104236,Relation,True,4,556,0.4233275488983813,0.4968634955316996,0.07980665028524056
ch-min/NVILA-Lite-2B-SINGLE_REFSPATIAL_80K-20251107_104236,Relation,True,5,556,0.594254967120054,0.35844103037882197,0.04732145679940423
ch-min/NVILA-Lite-2B-SINGLE_REFSPATIAL_80K-20251107_104236,Relation,True,6,556,0.46086373089028776,0.47941139276079137,0.05972410792069469
ch-min/NVILA-Lite-2B-SINGLE_REFSPATIAL_80K-20251107_104236,Relation,True,7,556,0.5488369070368705,0.41445505704811153,0.03670850246072673
ch-min/NVILA-Lite-2B-SINGLE_REFSPATIAL_80K-20251107_104236,Relation,True,8,556,0.42334379566659175,0.3680722902147032,0.20858742693345322
ch-min/NVILA-Lite-2B-SINGLE_REFSPATIAL_80K-20251107_104236,Relation,True,9,556,0.5480386198853417,0.39772835052270683,0.05423901235456947
ch-min/NVILA-Lite-2B-SINGLE_REFSPATIAL_80K-20251107_104236,Relation,True,10,556,0.26261803057553956,0.6761044289568345,0.061277760018547664
ch-min/NVILA-Lite-2B-SINGLE_REFSPATIAL_80K-20251107_104236,Relation,True,11,556,0.38539222333071044,0.5462440106508543,0.06836338180432217
ch-min/NVILA-Lite-2B-SINGLE_REFSPATIAL_80K-20251107_104236,Relation,True,12,556,0.21064242356115107,0.6355955274842626,0.15375502332508992
ch-min/NVILA-Lite-2B-SINGLE_REFSPATIAL_80K-20251107_104236,Relation,True,13,556,0.24462934535184352,0.67778794542491,0.07757776932750675
ch-min/NVILA-Lite-2B-SINGLE_REFSPATIAL_80K-20251107_104236,Relation,True,14,556,0.2235482853951214,0.7551041198291367,0.02134537182265906
ch-min/NVILA-Lite-2B-SINGLE_REFSPATIAL_80K-20251107_104236,Relation,True,15,556,0.35758214717288667,0.5270772151809802,0.11534634597009892
ch-min/NVILA-Lite-2B-SINGLE_REFSPATIAL_80K-20251107_104236,Relation,True,16,556,0.1316392198741007,0.6707781235948741,0.1975795828181205
ch-min/NVILA-Lite-2B-SINGLE_REFSPATIAL_80K-20251107_104236,Relation,True,17,556,0.16408214980749775,0.7576570579473921,0.07826573214084982
ch-min/NVILA-Lite-2B-SINGLE_REFSPATIAL_80K-20251107_104236,Relation,True,18,556,0.3043094333127248,0.5625483012027878,0.13314215570902652
ch-min/NVILA-Lite-2B-SINGLE_REFSPATIAL_80K-20251107_104236,Relation,True,19,556,0.660923800022482,0.2958461843806205,0.043222935079670635
ch-min/NVILA-Lite-2B-SINGLE_REFSPATIAL_80K-20251107_104236,Relation,True,20,556,0.6424103880957733,0.3191510756238759,0.038439414484037766
ch-min/NVILA-Lite-2B-SINGLE_REFSPATIAL_80K-20251107_104236,Relation,True,21,556,0.6467899898830936,0.3041904367131295,0.04900519281840153
ch-min/NVILA-Lite-2B-SINGLE_REFSPATIAL_80K-20251107_104236,Relation,True,22,556,0.5050817256351169,0.47896789989883093,0.015938834320727013
ch-min/NVILA-Lite-2B-SINGLE_REFSPATIAL_80K-20251107_104236,Relation,True,23,556,0.5545267887252698,0.3544122709644784,0.09105204849792041
ch-min/NVILA-Lite-2B-SINGLE_REFSPATIAL_80K-20251107_104236,Relation,True,24,556,0.6172595127023381,0.30268080457508995,0.08005710299924124
ch-min/NVILA-Lite-2B-SINGLE_REFSPATIAL_80K-20251107_104236,Relation,True,25,556,0.7234448769109713,0.264714083225607,0.01183023384149126
ch-min/NVILA-Lite-2B-SINGLE_REFSPATIAL_80K-20251107_104236,Relation,True,26,556,0.5190776577956385,0.3772969417434802,0.10361376426202788
ch-min/NVILA-Lite-2B-SINGLE_REFSPATIAL_80K-20251107_104236,Relation,True,27,556,0.48537176118480213,0.4380769798223921,0.07654028144671762
ch-min/NVILA-Lite-2B-SINGLE_SAT_80K-20251107_104236,Count,False,0,566,nan,nan,nan
ch-min/NVILA-Lite-2B-SINGLE_SAT_80K-20251107_104236,Count,False,1,566,0.12315309342562941,0.7882809049249117,0.08856891322051678
ch-min/NVILA-Lite-2B-SINGLE_SAT_80K-20251107_104236,Count,False,2,566,0.5298369175132509,0.4133387050022085,0.056819147440232996
ch-min/NVILA-Lite-2B-SINGLE_SAT_80K-20251107_104236,Count,False,3,566,0.6319524003423145,0.33345554742712014,0.034589922470254525
ch-min/NVILA-Lite-2B-SINGLE_SAT_80K-20251107_104236,Count,False,4,566,0.5188764700198764,0.39921219357332155,0.0819181300726038
ch-min/NVILA-Lite-2B-SINGLE_SAT_80K-20251107_104236,Count,False,5,566,0.4527298890238516,0.4809350327131184,0.06633944561961683
ch-min/NVILA-Lite-2B-SINGLE_SAT_80K-20251107_104236,Count,False,6,566,0.49462502415525617,0.4588101120803887,0.04656421674856449
ch-min/NVILA-Lite-2B-SINGLE_SAT_80K-20251107_104236,Count,False,7,566,0.6052910363295053,0.3682779372791519,0.02643601380472891
ch-min/NVILA-Lite-2B-SINGLE_SAT_80K-20251107_104236,Count,False,8,566,0.4689635152109099,0.3370809925739841,0.19395290415194347
ch-min/NVILA-Lite-2B-SINGLE_SAT_80K-20251107_104236,Count,False,9,566,0.5167365731283127,0.40783950212566256,0.07541120010214222
ch-min/NVILA-Lite-2B-SINGLE_SAT_80K-20251107_104236,Count,False,10,566,0.2207376325088339,0.7055681316254417,0.0736980101245031
ch-min/NVILA-Lite-2B-SINGLE_SAT_80K-20251107_104236,Count,False,11,566,0.46019903931095407,0.47203597752871024,0.06776298819498122
ch-min/NVILA-Lite-2B-SINGLE_SAT_80K-20251107_104236,Count,False,12,566,0.20841392274458923,0.6438316102583922,0.14776460357773852
ch-min/NVILA-Lite-2B-SINGLE_SAT_80K-20251107_104236,Count,False,13,566,0.28049881466707155,0.6373010642115724,0.08220227784065813
ch-min/NVILA-Lite-2B-SINGLE_SAT_80K-20251107_104236,Count,False,14,566,0.2597479399017226,0.7162507936727032,0.02400292440353771
ch-min/NVILA-Lite-2B-SINGLE_SAT_80K-20251107_104236,Count,False,15,566,0.4136945636870583,0.4951788696720406,0.09112850768827296
ch-min/NVILA-Lite-2B-SINGLE_SAT_80K-20251107_104236,Count,False,16,566,0.15382617101231227,0.6523842963228799,0.1937864054218198
ch-min/NVILA-Lite-2B-SINGLE_SAT_80K-20251107_104236,Count,False,17,566,0.2619939473829505,0.6897585164531802,0.04824004156429439
ch-min/NVILA-Lite-2B-SINGLE_SAT_80K-20251107_104236,Count,False,18,566,0.32242090878975266,0.5785666961130742,0.09901422830857995
ch-min/NVILA-Lite-2B-SINGLE_SAT_80K-20251107_104236,Count,False,19,566,0.38425016908679327,0.5106248619699647,0.10512194953621908
ch-min/NVILA-Lite-2B-SINGLE_SAT_80K-20251107_104236,Count,False,20,566,0.4094130445284894,0.5228073066199205,0.06777366395552673
ch-min/NVILA-Lite-2B-SINGLE_SAT_80K-20251107_104236,Count,False,21,566,0.5868761042402827,0.37398073445781804,0.03913755383171378
ch-min/NVILA-Lite-2B-SINGLE_SAT_80K-20251107_104236,Count,False,22,566,0.3879144351810954,0.570951320257288,0.0411461873947521
ch-min/NVILA-Lite-2B-SINGLE_SAT_80K-20251107_104236,Count,False,23,566,0.549881898051016,0.3527288537985866,0.09738746885697327
ch-min/NVILA-Lite-2B-SINGLE_SAT_80K-20251107_104236,Count,False,24,566,0.626771097890901,0.2740107559905035,0.0992036960992712
ch-min/NVILA-Lite-2B-SINGLE_SAT_80K-20251107_104236,Count,False,25,566,0.564972894351811,0.37806858022305656,0.05695235181613019
ch-min/NVILA-Lite-2B-SINGLE_SAT_80K-20251107_104236,Count,False,26,566,0.5904993926678446,0.35286343308303886,0.05667027989040415
ch-min/NVILA-Lite-2B-SINGLE_SAT_80K-20251107_104236,Count,False,27,566,0.40624913731227913,0.48585364675353354,0.10789581406664091
ch-min/NVILA-Lite-2B-SINGLE_SAT_80K-20251107_104236,Count,True,0,222,nan,nan,nan
ch-min/NVILA-Lite-2B-SINGLE_SAT_80K-20251107_104236,Count,True,1,222,0.11948319168778153,0.7947943060247747,0.08570738096494933
ch-min/NVILA-Lite-2B-SINGLE_SAT_80K-20251107_104236,Count,True,2,222,0.5364286405546171,0.4030145868524775,0.06054976179793074
ch-min/NVILA-Lite-2B-SINGLE_SAT_80K-20251107_104236,Count,True,3,222,0.6274260099943694,0.337720166455518,0.03484626288886543
ch-min/NVILA-Lite-2B-SINGLE_SAT_80K-20251107_104236,Count,True,4,222,0.5163904138513513,0.40301348711993246,0.08059087529912726
ch-min/NVILA-Lite-2B-SINGLE_SAT_80K-20251107_104236,Count,True,5,222,0.4579517261402027,0.4774444855011261,0.06461835981489301
ch-min/NVILA-Lite-2B-SINGLE_SAT_80K-20251107_104236,Count,True,6,222,0.4994578318552928,0.45441828547297297,0.04612621960339246
ch-min/NVILA-Lite-2B-SINGLE_SAT_80K-20251107_104236,Count,True,7,222,0.6054731489301802,0.36674980644707206,0.027760754834424268
ch-min/NVILA-Lite-2B-SINGLE_SAT_80K-20251107_104236,Count,True,8,222,0.47390664590371623,0.33400526991835583,0.19208258551520271
ch-min/NVILA-Lite-2B-SINGLE_SAT_80K-20251107_104236,Count,True,9,222,0.510132935670045,0.4132300024634009,0.07662578960796734
ch-min/NVILA-Lite-2B-SINGLE_SAT_80K-20251107_104236,Count,True,10,222,0.22769137545748874,0.6984511366835585,0.07385968732404279
ch-min/NVILA-Lite-2B-SINGLE_SAT_80K-20251107_104236,Count,True,11,222,0.45324267138231983,0.4763062623170045,0.07046962428737331
ch-min/NVILA-Lite-2B-SINGLE_SAT_80K-20251107_104236,Count,True,12,222,0.21717793232685811,0.6355486345720721,0.14729212855433557
ch-min/NVILA-Lite-2B-SINGLE_SAT_80K-20251107_104236,Count,True,13,222,0.2711049672719595,0.6467483108108109,0.08214562218468469
ch-min/NVILA-Lite-2B-SINGLE_SAT_80K-20251107_104236,Count,True,14,222,0.25868953670467343,0.7174523155968469,0.023827612937033713
ch-min/NVILA-Lite-2B-SINGLE_SAT_80K-20251107_104236,Count,True,15,222,0.4246166332347973,0.4821920308980856,0.09319628466356981
ch-min/NVILA-Lite-2B-SINGLE_SAT_80K-20251107_104236,Count,True,16,222,0.17732389982756194,0.6341343785191441,0.18856014217342343
ch-min/NVILA-Lite-2B-SINGLE_SAT_80K-20251107_104236,Count,True,17,222,0.26283387880067566,0.6839412654842343,0.053223618515976914
ch-min/NVILA-Lite-2B-SINGLE_SAT_80K-20251107_104236,Count,True,18,222,0.3145894918355856,0.5825525232263513,0.10285716013865429
ch-min/NVILA-Lite-2B-SINGLE_SAT_80K-20251107_104236,Count,True,19,222,0.38278830588400903,0.5217604078688063,0.09545623504363739
ch-min/NVILA-Lite-2B-SINGLE_SAT_80K-20251107_104236,Count,True,20,222,0.42860976210585583,0.5005564646677928,0.07082841203019426
ch-min/NVILA-Lite-2B-SINGLE_SAT_80K-20251107_104236,Count,True,21,222,0.5843120952984234,0.37349226668074326,0.04219089542423283
ch-min/NVILA-Lite-2B-SINGLE_SAT_80K-20251107_104236,Count,True,22,222,0.40923027519707206,0.5553099486204955,0.03547654710374437
ch-min/NVILA-Lite-2B-SINGLE_SAT_80K-20251107_104236,Count,True,23,222,0.5521361204954955,0.35048256264076577,0.09738901499155406
ch-min/NVILA-Lite-2B-SINGLE_SAT_80K-20251107_104236,Count,True,24,222,0.625464087134009,0.2764887079462275,0.09803510786176801
ch-min/NVILA-Lite-2B-SINGLE_SAT_80K-20251107_104236,Count,True,25,222,0.5657871005771397,0.38368568764076577,0.05052446245073198
ch-min/NVILA-Lite-2B-SINGLE_SAT_80K-20251107_104236,Count,True,26,222,0.5789673951295045,0.3618768915399775,0.059141416807432436
ch-min/NVILA-Lite-2B-SINGLE_SAT_80K-20251107_104236,Count,True,27,222,0.4111932977899775,0.48326536986204954,0.10553913288288289
