model,task,layer_idx,count,avg_image_ratio,avg_prompt_ratio,avg_gen_ratio
Efficient-Large-Model/NVILA-Lite-2B,Count,0,788,nan,nan,nan
Efficient-Large-Model/NVILA-Lite-2B,Count,1,788,0.09820471439264752,0.8136011113975253,0.08819243145473113
Efficient-Large-Model/NVILA-Lite-2B,Count,2,788,0.5220671523040926,0.41669522203164655,0.061235379446581535
Efficient-Large-Model/NVILA-Lite-2B,Count,3,788,0.517691210441783,0.4409297420288706,0.041372386332090734
Efficient-Large-Model/NVILA-Lite-2B,Count,4,788,0.43686331347160534,0.4813725040648794,0.08176232352474619
Efficient-Large-Model/NVILA-Lite-2B,Count,5,788,0.4632875084271891,0.4777212384993655,0.058997410808117864
Efficient-Large-Model/NVILA-Lite-2B,Count,6,788,0.5107787466291244,0.43007508873334394,0.05914721029058931
Efficient-Large-Model/NVILA-Lite-2B,Count,7,788,0.5445947017766497,0.4114965448524746,0.04390267309198525
Efficient-Large-Model/NVILA-Lite-2B,Count,8,788,0.5103964248889594,0.303111429746986,0.18648811766338833
Efficient-Large-Model/NVILA-Lite-2B,Count,9,788,0.5143996495280774,0.40003448331416563,0.08556416313055203
Efficient-Large-Model/NVILA-Lite-2B,Count,10,788,0.2405788983185279,0.6808985986080266,0.07852653077411167
Efficient-Large-Model/NVILA-Lite-2B,Count,11,788,0.40666113529108505,0.5139581515704315,0.07938512811805996
Efficient-Large-Model/NVILA-Lite-2B,Count,12,788,0.3679893222557107,0.509438761599778,0.12257199360029346
Efficient-Large-Model/NVILA-Lite-2B,Count,13,788,0.28057985257376267,0.6268989059525698,0.09251976981380869
Efficient-Large-Model/NVILA-Lite-2B,Count,14,788,0.3318943081773477,0.6458799100769352,0.022223554891983265
Efficient-Large-Model/NVILA-Lite-2B,Count,15,788,0.4754929905615482,0.42734027998096447,0.09716355377042354
Efficient-Large-Model/NVILA-Lite-2B,Count,16,788,0.2219703015942259,0.6392329646851206,0.13881330925801078
Efficient-Large-Model/NVILA-Lite-2B,Count,17,788,0.3741047660711453,0.5699871857154187,0.05589923761822851
Efficient-Large-Model/NVILA-Lite-2B,Count,18,788,0.3152530883169416,0.5757853706476047,0.10895247870895464
Efficient-Large-Model/NVILA-Lite-2B,Count,19,788,0.5202478708954632,0.4486226503013959,0.031117686160324794
Efficient-Large-Model/NVILA-Lite-2B,Count,20,788,0.42244166650142767,0.5085604130314086,0.06898699920189562
Efficient-Large-Model/NVILA-Lite-2B,Count,21,788,0.4477573143044099,0.4802865740006345,0.0719631601711215
Efficient-Large-Model/NVILA-Lite-2B,Count,22,788,0.44868244616513325,0.5304041828600888,0.020911221576826223
Efficient-Large-Model/NVILA-Lite-2B,Count,23,788,0.41865624752141495,0.37069531745717005,0.21065354710302983
Efficient-Large-Model/NVILA-Lite-2B,Count,24,788,0.4836977266418147,0.3530479469880235,0.1632584315266101
Efficient-Large-Model/NVILA-Lite-2B,Count,25,788,0.6243636232947335,0.3214904475333122,0.054134330168593356
Efficient-Large-Model/NVILA-Lite-2B,Count,26,788,0.6366474906805203,0.33177657538864214,0.03157245810261838
Efficient-Large-Model/NVILA-Lite-2B,Count,27,788,0.4505339491790926,0.47430048134121194,0.07516386545249049
Efficient-Large-Model/NVILA-Lite-2B,Relation,0,650,nan,nan,nan
Efficient-Large-Model/NVILA-Lite-2B,Relation,1,650,0.0947259521484375,0.8160719651442307,0.08921799879807692
Efficient-Large-Model/NVILA-Lite-2B,Relation,2,650,0.5272472205528846,0.4089441856971154,0.06381361741286058
Efficient-Large-Model/NVILA-Lite-2B,Relation,3,650,0.5777471454326923,0.3796514423076923,0.04259742149939904
Efficient-Large-Model/NVILA-Lite-2B,Relation,4,650,0.4362567608173077,0.47623272235576924,0.08752056415264423
Efficient-Large-Model/NVILA-Lite-2B,Relation,5,650,0.47081881009615384,0.47294658954326924,0.05622934194711538
Efficient-Large-Model/NVILA-Lite-2B,Relation,6,650,0.5323614032451923,0.41581505408653846,0.0518243408203125
Efficient-Large-Model/NVILA-Lite-2B,Relation,7,650,0.5135851111778846,0.45076096754807693,0.03565115121694711
Efficient-Large-Model/NVILA-Lite-2B,Relation,8,650,0.5191207181490385,0.3081452824519231,0.17273662860576924
Efficient-Large-Model/NVILA-Lite-2B,Relation,9,650,0.5407399338942308,0.3811012620192308,0.07815692608173076
Efficient-Large-Model/NVILA-Lite-2B,Relation,10,650,0.2899481670673077,0.6276352163461538,0.08240065354567308
Efficient-Large-Model/NVILA-Lite-2B,Relation,11,650,0.3879736328125,0.5361703725961539,0.07585683969350962
Efficient-Large-Model/NVILA-Lite-2B,Relation,12,650,0.3496875,0.5029387019230769,0.1473717322716346
Efficient-Large-Model/NVILA-Lite-2B,Relation,13,650,0.33048001802884613,0.601016376201923,0.06851656400240384
Efficient-Large-Model/NVILA-Lite-2B,Relation,14,650,0.30449782151442306,0.6682279146634615,0.027285179725060095
Efficient-Large-Model/NVILA-Lite-2B,Relation,15,650,0.4535340294471154,0.458818359375,0.08764808067908654
Efficient-Large-Model/NVILA-Lite-2B,Relation,16,650,0.16730130709134616,0.6743006310096153,0.15840031550480768
Efficient-Large-Model/NVILA-Lite-2B,Relation,17,650,0.44861853966346155,0.5083909254807693,0.0429846426156851
Efficient-Large-Model/NVILA-Lite-2B,Relation,18,650,0.28856482872596156,0.6185193810096153,0.09291062575120192
Efficient-Large-Model/NVILA-Lite-2B,Relation,19,650,0.5830859375,0.39702786959134617,0.01989715576171875
Efficient-Large-Model/NVILA-Lite-2B,Relation,20,650,0.5468765024038461,0.3882831280048077,0.06484173114483173
Efficient-Large-Model/NVILA-Lite-2B,Relation,21,650,0.6433210637019231,0.3087077448918269,0.04797344501201923
Efficient-Large-Model/NVILA-Lite-2B,Relation,22,650,0.4619482421875,0.5260501802884615,0.012007880577674278
Efficient-Large-Model/NVILA-Lite-2B,Relation,23,650,0.5033672626201923,0.3482782451923077,0.14834801307091347
Efficient-Large-Model/NVILA-Lite-2B,Relation,24,650,0.5159051983173077,0.36181227463942306,0.12228271484375
Efficient-Large-Model/NVILA-Lite-2B,Relation,25,650,0.6372152944711539,0.32532639723557694,0.03745793269230769
Efficient-Large-Model/NVILA-Lite-2B,Relation,26,650,0.5921980168269231,0.35653958834134614,0.05125680776742789
Efficient-Large-Model/NVILA-Lite-2B,Relation,27,650,0.5464276592548077,0.37329439603365383,0.08028090256911058
Zhoues/RoboRefer-2B-SFT,Count,0,788,nan,nan,nan
Zhoues/RoboRefer-2B-SFT,Count,1,788,0.130125171642013,0.7985288358581852,0.07134122896920606
Zhoues/RoboRefer-2B-SFT,Count,2,788,0.4559679370241117,0.4939792071502221,0.05006307998889594
Zhoues/RoboRefer-2B-SFT,Count,3,788,0.3975036930916878,0.5460459133090102,0.0564422607421875
Zhoues/RoboRefer-2B-SFT,Count,4,788,0.4554960763999048,0.48356512234295684,0.0609373295972795
Zhoues/RoboRefer-2B-SFT,Count,5,788,0.4866968145225254,0.4635561250793147,0.04974365234375
Zhoues/RoboRefer-2B-SFT,Count,6,788,0.4146898918345495,0.5251145725927983,0.06020800595356123
Zhoues/RoboRefer-2B-SFT,Count,7,788,0.5485688030417195,0.42076583320114214,0.030654752314998413
Zhoues/RoboRefer-2B-SFT,Count,8,788,0.3993632515069797,0.44350282310834394,0.15713485485406092
Zhoues/RoboRefer-2B-SFT,Count,9,788,0.471383496589467,0.45381094840577413,0.07479885507961215
Zhoues/RoboRefer-2B-SFT,Count,10,788,0.32605011451062815,0.6175543305837563,0.056405004511024745
Zhoues/RoboRefer-2B-SFT,Count,11,788,0.4043018321700508,0.5345954701380076,0.06110285260350571
Zhoues/RoboRefer-2B-SFT,Count,12,788,0.42143319221922587,0.4472055193131345,0.13135865497105012
Zhoues/RoboRefer-2B-SFT,Count,13,788,0.37379881573207485,0.5584648635786802,0.06773686287971922
Zhoues/RoboRefer-2B-SFT,Count,14,788,0.23831796404068845,0.7484044108899112,0.013274526838118654
Zhoues/RoboRefer-2B-SFT,Count,15,788,0.342929588356599,0.5549725372779187,0.10209864892330267
Zhoues/RoboRefer-2B-SFT,Count,16,788,0.15479615497105012,0.6896024597477792,0.15560014598865798
Zhoues/RoboRefer-2B-SFT,Count,17,788,0.12417552192804172,0.8359610465577412,0.039854456325472916
Zhoues/RoboRefer-2B-SFT,Count,18,788,0.339657081565276,0.5652679598270939,0.09508262673005234
Zhoues/RoboRefer-2B-SFT,Count,19,788,0.5143370652561865,0.4610403612785533,0.024631500244140625
Zhoues/RoboRefer-2B-SFT,Count,20,788,0.4544621966211929,0.5199993927466687,0.025533163002904903
Zhoues/RoboRefer-2B-SFT,Count,21,788,0.6199294346843274,0.32667673178735723,0.05338070477325904
Zhoues/RoboRefer-2B-SFT,Count,22,788,0.44150973092480966,0.5512577579711294,0.00723672276220951
Zhoues/RoboRefer-2B-SFT,Count,23,788,0.5166241795883566,0.37542786574000636,0.10795996031785374
Zhoues/RoboRefer-2B-SFT,Count,24,788,0.5953994983343909,0.28894910473508884,0.115652636223033
Zhoues/RoboRefer-2B-SFT,Count,25,788,0.5900971853188451,0.3964050602791878,0.013504851287996708
Zhoues/RoboRefer-2B-SFT,Count,26,788,0.5387192159739848,0.41435466320986675,0.046928347669882214
Zhoues/RoboRefer-2B-SFT,Count,27,788,0.49797034868734136,0.4317118843194797,0.07031478494557027
Zhoues/RoboRefer-2B-SFT,Relation,0,650,nan,nan,nan
Zhoues/RoboRefer-2B-SFT,Relation,1,650,0.10948476938100962,0.8308240685096154,0.059688814603365385
Zhoues/RoboRefer-2B-SFT,Relation,2,650,0.4329379507211538,0.5170966045673077,0.049964153583233174
Zhoues/RoboRefer-2B-SFT,Relation,3,650,0.3961065204326923,0.5369016676682692,0.06698636568509615
Zhoues/RoboRefer-2B-SFT,Relation,4,650,0.4381126051682692,0.49184344951923076,0.07004854642427885
Zhoues/RoboRefer-2B-SFT,Relation,5,650,0.4794170673076923,0.4703759765625,0.05021174504206731
Zhoues/RoboRefer-2B-SFT,Relation,6,650,0.45398399939903844,0.48359299879807693,0.06240825946514423
Zhoues/RoboRefer-2B-SFT,Relation,7,650,0.6315790264423077,0.34210862379807694,0.026313194861778848
Zhoues/RoboRefer-2B-SFT,Relation,8,650,0.4570229867788462,0.40856745793269234,0.13440964918870194
Zhoues/RoboRefer-2B-SFT,Relation,9,650,0.5263390174278846,0.4108807842548077,0.06277263934795672
Zhoues/RoboRefer-2B-SFT,Relation,10,650,0.4089426832932692,0.5385317758413461,0.05251690204326923
Zhoues/RoboRefer-2B-SFT,Relation,11,650,0.43175142728365384,0.5124887319711539,0.05575941819411058
Zhoues/RoboRefer-2B-SFT,Relation,12,650,0.4147614933894231,0.4777392578125,0.10750150240384615
Zhoues/RoboRefer-2B-SFT,Relation,13,650,0.3185606971153846,0.6342795973557692,0.047156747671274035
Zhoues/RoboRefer-2B-SFT,Relation,14,650,0.28474759615384615,0.7000863882211539,0.015170511099008414
Zhoues/RoboRefer-2B-SFT,Relation,15,650,0.39865384615384614,0.5140452223557692,0.08730421799879808
Zhoues/RoboRefer-2B-SFT,Relation,16,650,0.14006014310396633,0.7294350961538462,0.130509033203125
Zhoues/RoboRefer-2B-SFT,Relation,17,650,0.19081345778245193,0.7846769831730769,0.02450934776893029
Zhoues/RoboRefer-2B-SFT,Relation,18,650,0.3619745342548077,0.5613773287259616,0.07664832481971154
Zhoues/RoboRefer-2B-SFT,Relation,19,650,0.5787879356971154,0.4011422025240385,0.020072467510516827
Zhoues/RoboRefer-2B-SFT,Relation,20,650,0.5276479867788462,0.44948467548076926,0.02286839411808894
Zhoues/RoboRefer-2B-SFT,Relation,21,650,0.5586008864182692,0.38611177884615383,0.05529832106370192
Zhoues/RoboRefer-2B-SFT,Relation,22,650,0.5801224459134615,0.41416841947115385,0.005716643700232873
Zhoues/RoboRefer-2B-SFT,Relation,23,650,0.5191331129807693,0.3753132512019231,0.10555232121394231
Zhoues/RoboRefer-2B-SFT,Relation,24,650,0.5449406550480769,0.3344441105769231,0.12061129056490384
Zhoues/RoboRefer-2B-SFT,Relation,25,650,0.6002332481971154,0.3919831730769231,0.007800498375525842
Zhoues/RoboRefer-2B-SFT,Relation,26,650,0.47841947115384614,0.46250112680288463,0.05907461313100962
Zhoues/RoboRefer-2B-SFT,Relation,27,650,0.4269384765625,0.5203121243990385,0.052765831580528846
ch-min/NVILA-Lite-2B-SINGLE_REFSPATIAL_80K-20251107_104236,Count,0,788,nan,nan,nan
ch-min/NVILA-Lite-2B-SINGLE_REFSPATIAL_80K-20251107_104236,Count,1,788,0.09462637344592718,0.8197814631583121,0.08558647039578046
ch-min/NVILA-Lite-2B-SINGLE_REFSPATIAL_80K-20251107_104236,Count,2,788,0.45009523962960024,0.4786770428497779,0.07123228741176238
ch-min/NVILA-Lite-2B-SINGLE_REFSPATIAL_80K-20251107_104236,Count,3,788,0.5046904123374049,0.45127070857788704,0.044037523608522366
ch-min/NVILA-Lite-2B-SINGLE_REFSPATIAL_80K-20251107_104236,Count,4,788,0.41020272346922587,0.513321774865165,0.07647914208736517
ch-min/NVILA-Lite-2B-SINGLE_REFSPATIAL_80K-20251107_104236,Count,5,788,0.5947172678061549,0.360141502419099,0.045132438543484296
ch-min/NVILA-Lite-2B-SINGLE_REFSPATIAL_80K-20251107_104236,Count,6,788,0.4696345450309327,0.47051878023873733,0.05984512561468908
ch-min/NVILA-Lite-2B-SINGLE_REFSPATIAL_80K-20251107_104236,Count,7,788,0.5518990918464467,0.40427890525856597,0.04382870282013404
ch-min/NVILA-Lite-2B-SINGLE_REFSPATIAL_80K-20251107_104236,Count,8,788,0.40496361437182743,0.3819697810913706,0.21307171661841687
ch-min/NVILA-Lite-2B-SINGLE_REFSPATIAL_80K-20251107_104236,Count,9,788,0.5858606638642132,0.35736362825190354,0.05676424442814086
ch-min/NVILA-Lite-2B-SINGLE_REFSPATIAL_80K-20251107_104236,Count,10,788,0.2408095616374524,0.6968585174095813,0.0623253372114927
ch-min/NVILA-Lite-2B-SINGLE_REFSPATIAL_80K-20251107_104236,Count,11,788,0.4035371886897208,0.5158830826657678,0.080578954086691
ch-min/NVILA-Lite-2B-SINGLE_REFSPATIAL_80K-20251107_104236,Count,12,788,0.25778957308851524,0.6035069499524112,0.1386996816257535
ch-min/NVILA-Lite-2B-SINGLE_REFSPATIAL_80K-20251107_104236,Count,13,788,0.26540394119804883,0.656109959946066,0.07848749305996193
ch-min/NVILA-Lite-2B-SINGLE_REFSPATIAL_80K-20251107_104236,Count,14,788,0.2101304107511104,0.7765462652680838,0.013322888292031845
ch-min/NVILA-Lite-2B-SINGLE_REFSPATIAL_80K-20251107_104236,Count,15,788,0.35869307929489214,0.5314656368972082,0.10984430458339943
ch-min/NVILA-Lite-2B-SINGLE_REFSPATIAL_80K-20251107_104236,Count,16,788,0.14750291853386738,0.6368804776729061,0.21561149171161167
ch-min/NVILA-Lite-2B-SINGLE_REFSPATIAL_80K-20251107_104236,Count,17,788,0.14134518386143718,0.7843624831456218,0.0742857105235763
ch-min/NVILA-Lite-2B-SINGLE_REFSPATIAL_80K-20251107_104236,Count,18,788,0.3488369859414657,0.5285139519551079,0.12265006902859296
ch-min/NVILA-Lite-2B-SINGLE_REFSPATIAL_80K-20251107_104236,Count,19,788,0.5905606807185914,0.3582989842758566,0.05112732243416878
ch-min/NVILA-Lite-2B-SINGLE_REFSPATIAL_80K-20251107_104236,Count,20,788,0.5457376392964784,0.4285197766299175,0.025750329651808377
ch-min/NVILA-Lite-2B-SINGLE_REFSPATIAL_80K-20251107_104236,Count,21,788,0.5927337801395939,0.3400810745161802,0.06717778704493178
ch-min/NVILA-Lite-2B-SINGLE_REFSPATIAL_80K-20251107_104236,Count,22,788,0.45808619775142767,0.5234235579592322,0.01847816118734137
ch-min/NVILA-Lite-2B-SINGLE_REFSPATIAL_80K-20251107_104236,Count,23,788,0.5699828481916244,0.31949611605726524,0.1105120508803934
ch-min/NVILA-Lite-2B-SINGLE_REFSPATIAL_80K-20251107_104236,Count,24,788,0.650932815474302,0.27036529386104063,0.07869484218849143
ch-min/NVILA-Lite-2B-SINGLE_REFSPATIAL_80K-20251107_104236,Count,25,788,0.6678231331297588,0.3164830861357868,0.015687729501482194
ch-min/NVILA-Lite-2B-SINGLE_REFSPATIAL_80K-20251107_104236,Count,26,788,0.5045193899706536,0.4093194177308058,0.0861652974549889
ch-min/NVILA-Lite-2B-SINGLE_REFSPATIAL_80K-20251107_104236,Count,27,788,0.47867921161167515,0.44373519045447335,0.07759067128757535
ch-min/NVILA-Lite-2B-SINGLE_REFSPATIAL_80K-20251107_104236,Relation,0,650,nan,nan,nan
ch-min/NVILA-Lite-2B-SINGLE_REFSPATIAL_80K-20251107_104236,Relation,1,650,0.08966111403245192,0.818720703125,0.09162250225360577
ch-min/NVILA-Lite-2B-SINGLE_REFSPATIAL_80K-20251107_104236,Relation,2,650,0.4683935546875,0.4575371844951923,0.07406484750600961
ch-min/NVILA-Lite-2B-SINGLE_REFSPATIAL_80K-20251107_104236,Relation,3,650,0.5688461538461539,0.3861576021634615,0.04499685434194711
ch-min/NVILA-Lite-2B-SINGLE_REFSPATIAL_80K-20251107_104236,Relation,4,650,0.4230145733173077,0.4970428936298077,0.07994037334735576
ch-min/NVILA-Lite-2B-SINGLE_REFSPATIAL_80K-20251107_104236,Relation,5,650,0.5925604717548076,0.3597998046875,0.047649817833533656
ch-min/NVILA-Lite-2B-SINGLE_REFSPATIAL_80K-20251107_104236,Relation,6,650,0.46125901442307693,0.4789103816105769,0.05982370229867789
ch-min/NVILA-Lite-2B-SINGLE_REFSPATIAL_80K-20251107_104236,Relation,7,650,0.5479334435096154,0.41562237079326925,0.03643775353064904
ch-min/NVILA-Lite-2B-SINGLE_REFSPATIAL_80K-20251107_104236,Relation,8,650,0.42351975661057695,0.3677152193509615,0.2087659630408654
ch-min/NVILA-Lite-2B-SINGLE_REFSPATIAL_80K-20251107_104236,Relation,9,650,0.5479026442307692,0.3976532451923077,0.05444725623497596
ch-min/NVILA-Lite-2B-SINGLE_REFSPATIAL_80K-20251107_104236,Relation,10,650,0.26093167818509616,0.6778019831730769,0.06126633864182692
ch-min/NVILA-Lite-2B-SINGLE_REFSPATIAL_80K-20251107_104236,Relation,11,650,0.3881715745192308,0.5433770282451923,0.0684551532451923
ch-min/NVILA-Lite-2B-SINGLE_REFSPATIAL_80K-20251107_104236,Relation,12,650,0.2109044471153846,0.6343036358173076,0.1547857196514423
ch-min/NVILA-Lite-2B-SINGLE_REFSPATIAL_80K-20251107_104236,Relation,13,650,0.24536865234375,0.6759127103365384,0.07871591421274038
ch-min/NVILA-Lite-2B-SINGLE_REFSPATIAL_80K-20251107_104236,Relation,14,650,0.22399883563701922,0.7546612079326923,0.02133404071514423
ch-min/NVILA-Lite-2B-SINGLE_REFSPATIAL_80K-20251107_104236,Relation,15,650,0.3569527493990385,0.5273445012019231,0.11571016751802884
ch-min/NVILA-Lite-2B-SINGLE_REFSPATIAL_80K-20251107_104236,Relation,16,650,0.13089571439302886,0.6707729867788461,0.19832989032451923
ch-min/NVILA-Lite-2B-SINGLE_REFSPATIAL_80K-20251107_104236,Relation,17,650,0.16690532977764422,0.7553650841346153,0.07773489145132212
ch-min/NVILA-Lite-2B-SINGLE_REFSPATIAL_80K-20251107_104236,Relation,18,650,0.3079942908653846,0.5601284555288462,0.13187781700721155
ch-min/NVILA-Lite-2B-SINGLE_REFSPATIAL_80K-20251107_104236,Relation,19,650,0.6607722355769231,0.2955682842548077,0.04365891676682692
ch-min/NVILA-Lite-2B-SINGLE_REFSPATIAL_80K-20251107_104236,Relation,20,650,0.6430438701923077,0.3188536658653846,0.03809837928185096
ch-min/NVILA-Lite-2B-SINGLE_REFSPATIAL_80K-20251107_104236,Relation,21,650,0.6480679086538461,0.3031745793269231,0.04874478853665865
ch-min/NVILA-Lite-2B-SINGLE_REFSPATIAL_80K-20251107_104236,Relation,22,650,0.505923602764423,0.4785565655048077,0.015511368971604567
ch-min/NVILA-Lite-2B-SINGLE_REFSPATIAL_80K-20251107_104236,Relation,23,650,0.5552201021634615,0.3532260366586538,0.09154775766225962
ch-min/NVILA-Lite-2B-SINGLE_REFSPATIAL_80K-20251107_104236,Relation,24,650,0.6165797776442308,0.3038461538461538,0.07956988994891827
ch-min/NVILA-Lite-2B-SINGLE_REFSPATIAL_80K-20251107_104236,Relation,25,650,0.7234840745192308,0.26460223858173076,0.011894912719726562
ch-min/NVILA-Lite-2B-SINGLE_REFSPATIAL_80K-20251107_104236,Relation,26,650,0.5199462890625,0.3774568058894231,0.1025872333233173
ch-min/NVILA-Lite-2B-SINGLE_REFSPATIAL_80K-20251107_104236,Relation,27,650,0.4855480018028846,0.4377918419471154,0.07665273813100962
ch-min/NVILA-Lite-2B-SINGLE_SAT_80K-20251107_104236,Count,0,788,nan,nan,nan
ch-min/NVILA-Lite-2B-SINGLE_SAT_80K-20251107_104236,Count,1,788,0.12211918709846922,0.7901158986357868,0.08776274550384676
ch-min/NVILA-Lite-2B-SINGLE_SAT_80K-20251107_104236,Count,2,788,0.5316939765426714,0.41043013364530456,0.05787015808415292
ch-min/NVILA-Lite-2B-SINGLE_SAT_80K-20251107_104236,Count,3,788,0.6306771990006346,0.33465700101126267,0.034662140202401256
ch-min/NVILA-Lite-2B-SINGLE_SAT_80K-20251107_104236,Count,4,788,0.5181760836373731,0.40028311637452413,0.0815442080425127
ch-min/NVILA-Lite-2B-SINGLE_SAT_80K-20251107_104236,Count,5,788,0.4542010157241434,0.47995165519907995,0.06585457119239768
ch-min/NVILA-Lite-2B-SINGLE_SAT_80K-20251107_104236,Count,6,788,0.4959865511976523,0.4575728208280457,0.046440821613757136
ch-min/NVILA-Lite-2B-SINGLE_SAT_80K-20251107_104236,Count,7,788,0.6053423421637056,0.3678474232630076,0.02680922764812024
ch-min/NVILA-Lite-2B-SINGLE_SAT_80K-20251107_104236,Count,8,788,0.4703561230964467,0.3362144818765863,0.1934259869725571
ch-min/NVILA-Lite-2B-SINGLE_SAT_80K-20251107_104236,Count,9,788,0.5148761574992069,0.40935814562182743,0.07575338140962087
ch-min/NVILA-Lite-2B-SINGLE_SAT_80K-20251107_104236,Count,10,788,0.22269668191822653,0.703563089903236,0.07374355877716529
ch-min/NVILA-Lite-2B-SINGLE_SAT_80K-20251107_104236,Count,11,788,0.4582392503767449,0.4732390273040926,0.06852551765248255
ch-min/NVILA-Lite-2B-SINGLE_SAT_80K-20251107_104236,Count,12,788,0.21088297112944163,0.6414980815751904,0.147631495132059
ch-min/NVILA-Lite-2B-SINGLE_SAT_80K-20251107_104236,Count,13,788,0.2778523246648953,0.639962598151967,0.08218631647565038
ch-min/NVILA-Lite-2B-SINGLE_SAT_80K-20251107_104236,Count,14,788,0.25944976032082806,0.7165892935041244,0.023953534624903336
ch-min/NVILA-Lite-2B-SINGLE_SAT_80K-20251107_104236,Count,15,788,0.4167715934327411,0.49152014098191626,0.09171105399349619
ch-min/NVILA-Lite-2B-SINGLE_SAT_80K-20251107_104236,Count,16,788,0.16044608953640546,0.6472428220177665,0.19231403176554568
ch-min/NVILA-Lite-2B-SINGLE_SAT_80K-20251107_104236,Count,17,788,0.2622305778077411,0.6881196462563451,0.04964404420804251
ch-min/NVILA-Lite-2B-SINGLE_SAT_80K-20251107_104236,Count,18,788,0.3202145958914975,0.5796896067972716,0.10009688169217956
ch-min/NVILA-Lite-2B-SINGLE_SAT_80K-20251107_104236,Count,19,788,0.3838383243773794,0.5137620335302983,0.1023988675345019
ch-min/NVILA-Lite-2B-SINGLE_SAT_80K-20251107_104236,Count,20,788,0.41482125684089466,0.516538668404981,0.06863426557047113
ch-min/NVILA-Lite-2B-SINGLE_SAT_80K-20251107_104236,Count,21,788,0.5861537565434645,0.37384312043940354,0.03999775920422549
ch-min/NVILA-Lite-2B-SINGLE_SAT_80K-20251107_104236,Count,22,788,0.39391965914498733,0.5665447409382931,0.039548902947285455
ch-min/NVILA-Lite-2B-SINGLE_SAT_80K-20251107_104236,Count,23,788,0.5505169708716687,0.3520960154267132,0.09738790444311152
ch-min/NVILA-Lite-2B-SINGLE_SAT_80K-20251107_104236,Count,24,788,0.6264028791243654,0.2747088592064562,0.09887447453997462
ch-min/NVILA-Lite-2B-SINGLE_SAT_80K-20251107_104236,Count,25,788,0.5652022773239214,0.3796510648001269,0.055141448974609375
ch-min/NVILA-Lite-2B-SINGLE_SAT_80K-20251107_104236,Count,26,788,0.5872505304171954,0.3554027576736992,0.057366463133526335
ch-min/NVILA-Lite-2B-SINGLE_SAT_80K-20251107_104236,Count,27,788,0.4076420353148794,0.4851244621470495,0.10723187596664815
ch-min/NVILA-Lite-2B-SINGLE_SAT_80K-20251107_104236,Relation,0,650,0.14372809776893028,0.4708631310096154,0.38540564903846153
ch-min/NVILA-Lite-2B-SINGLE_SAT_80K-20251107_104236,Relation,1,650,0.07993708683894231,0.7202524038461539,0.19980262169471155
ch-min/NVILA-Lite-2B-SINGLE_SAT_80K-20251107_104236,Relation,2,650,0.6915782752403846,0.21542705829326922,0.09298457219050481
ch-min/NVILA-Lite-2B-SINGLE_SAT_80K-20251107_104236,Relation,3,650,0.5710851111778846,0.3719685246394231,0.05695594200721154
ch-min/NVILA-Lite-2B-SINGLE_SAT_80K-20251107_104236,Relation,4,650,0.4679240534855769,0.42115271935096155,0.11092726487379807
ch-min/NVILA-Lite-2B-SINGLE_SAT_80K-20251107_104236,Relation,5,650,0.603427734375,0.3466026893028846,0.04996769831730769
ch-min/NVILA-Lite-2B-SINGLE_SAT_80K-20251107_104236,Relation,6,650,0.4692499248798077,0.46057466947115383,0.0701806640625
ch-min/NVILA-Lite-2B-SINGLE_SAT_80K-20251107_104236,Relation,7,650,0.5588439002403847,0.3915809044471154,0.04956103985126202
ch-min/NVILA-Lite-2B-SINGLE_SAT_80K-20251107_104236,Relation,8,650,0.42834622896634617,0.39721717247596156,0.17443697415865383
ch-min/NVILA-Lite-2B-SINGLE_SAT_80K-20251107_104236,Relation,9,650,0.5896213942307692,0.34512469951923075,0.06525569035456731
ch-min/NVILA-Lite-2B-SINGLE_SAT_80K-20251107_104236,Relation,10,650,0.3884990985576923,0.5564100060096154,0.055083665114182695
ch-min/NVILA-Lite-2B-SINGLE_SAT_80K-20251107_104236,Relation,11,650,0.3866755558894231,0.5328177584134616,0.08049166165865385
ch-min/NVILA-Lite-2B-SINGLE_SAT_80K-20251107_104236,Relation,12,650,0.42787372295673076,0.45325946514423077,0.11887300931490384
ch-min/NVILA-Lite-2B-SINGLE_SAT_80K-20251107_104236,Relation,13,650,0.2577287409855769,0.6889122596153846,0.05336618276742788
ch-min/NVILA-Lite-2B-SINGLE_SAT_80K-20251107_104236,Relation,14,650,0.4521818659855769,0.5344508713942308,0.013369434063251202
ch-min/NVILA-Lite-2B-SINGLE_SAT_80K-20251107_104236,Relation,15,650,0.31943321814903847,0.5715260667067308,0.10903010441706731
ch-min/NVILA-Lite-2B-SINGLE_SAT_80K-20251107_104236,Relation,16,650,0.1889081280048077,0.6527614182692307,0.15833383413461538
ch-min/NVILA-Lite-2B-SINGLE_SAT_80K-20251107_104236,Relation,17,650,0.3920504056490385,0.5142991286057692,0.0936590106670673
ch-min/NVILA-Lite-2B-SINGLE_SAT_80K-20251107_104236,Relation,18,650,0.3355089393028846,0.4799767127403846,0.1845104041466346
ch-min/NVILA-Lite-2B-SINGLE_SAT_80K-20251107_104236,Relation,19,650,0.2916366811899038,0.49382887620192306,0.21452852689302884
ch-min/NVILA-Lite-2B-SINGLE_SAT_80K-20251107_104236,Relation,20,650,0.4153932542067308,0.46112717848557694,0.12348285381610577
ch-min/NVILA-Lite-2B-SINGLE_SAT_80K-20251107_104236,Relation,21,650,0.5247250600961538,0.4346506911057692,0.04061988243689904
ch-min/NVILA-Lite-2B-SINGLE_SAT_80K-20251107_104236,Relation,22,650,0.3741586538461538,0.5585486778846154,0.06729905348557692
ch-min/NVILA-Lite-2B-SINGLE_SAT_80K-20251107_104236,Relation,23,650,0.5142551832932692,0.39782564603365383,0.08792574368990384
ch-min/NVILA-Lite-2B-SINGLE_SAT_80K-20251107_104236,Relation,24,650,0.5665324519230769,0.3286121544471154,0.10485529972956731
ch-min/NVILA-Lite-2B-SINGLE_SAT_80K-20251107_104236,Relation,25,650,0.49838641826923075,0.4701062950721154,0.031503507173978366
ch-min/NVILA-Lite-2B-SINGLE_SAT_80K-20251107_104236,Relation,26,650,0.4287120643028846,0.4246446814903846,0.14664269080528847
ch-min/NVILA-Lite-2B-SINGLE_SAT_80K-20251107_104236,Relation,27,650,0.3805382361778846,0.5008499849759616,0.11860586313100961
